{"stats":{"minecraft:custom":{"minecraft:jump":33,"minecraft:time_since_rest":4973,"minecraft:damage_dealt":20,"minecraft:crouch_one_cm":34,"minecraft:leave_game":1,"minecraft:sprint_one_cm":2507,"minecraft:play_time":4973,"minecraft:time_since_death":4973,"minecraft:walk_one_cm":8292,"minecraft:sneak_time":46,"minecraft:total_world_time":4973,"minecraft:talked_to_villager":2,"minecraft:fall_one_cm":627,"minecraft:fly_one_cm":5282,"minecraft:horse_one_cm":2013},"minecraft:picked_up":{"minecraft:sand":1},"minecraft:mined":{"minecraft:sand":2},"minecraft:used":{"minecraft:sand":1}},"DataVersion":3465}