{"stats":{"minecraft:dropped":{"minecraft:spruce_log":1},"minecraft:used":{"minecraft:crafting_table":1,"minecraft:wooden_pickaxe":6},"minecraft:picked_up":{"minecraft:spruce_log":8,"minecraft:coal":6,"minecraft:dirt":1},"minecraft:mined":{"minecraft:grass_block":1,"minecraft:coal_ore":6,"minecraft:ice":2,"minecraft:spruce_leaves":1,"minecraft:spruce_log":7},"minecraft:crafted":{"minecraft:crafting_table":1,"minecraft:spruce_planks":28,"minecraft:stick":4,"minecraft:wooden_pickaxe":1},"minecraft:custom":{"minecraft:time_since_rest":7609,"minecraft:play_time":7609,"minecraft:sprint_one_cm":6904,"minecraft:damage_taken":80,"minecraft:walk_one_cm":23503,"minecraft:drop":1,"minecraft:jump":94,"minecraft:walk_on_water_one_cm":55,"minecraft:time_since_death":7609,"minecraft:leave_game":2,"minecraft:total_world_time":7609,"minecraft:interact_with_crafting_table":3,"minecraft:fall_one_cm":3241,"minecraft:fly_one_cm":15053}},"DataVersion":3465}